0.000	0.960	Chapter	0.98
0.960	1.500	 one,	0.59
1.500	1.680	 young	0.76
1.680	2.220	 Judy	0.95
2.220	2.940	 Barker,	0.51
2.940	3.180	 Judy	0.95
3.180	3.720	 Barker	0.39
3.720	4.020	 is	0.99
4.020	4.200	 an	0.99
4.200	4.620	 artist	1.00
4.620	4.980	 from	0.99
4.980	5.640	 Los	0.99
5.640	6.480	 Angeles.	0.82
6.540	6.900	 She	0.67
6.900	7.500	 paints	0.84
7.500	8.340	 murals.	0.82
8.400	9.300	 Mirals	0.51
9.300	9.600	 are	0.99
9.600	10.200	 paintings	0.99
10.200	10.620	 on	0.99
10.620	10.920	 large	0.99
10.920	11.760	 walls.	0.88
11.820	13.680	 Judy	0.97
13.680	13.920	 was	1.00
13.920	14.100	 born	1.00
14.100	14.460	 in	1.00
14.460	17.640	 1966.	0.68
17.640	20.580	 1966.	0.56
20.580	22.260	 46.	0.43
22.560	23.160	 Her	0.73
23.160	23.340	 family	0.99
23.340	24.300	 is	0.96
24.300	24.600	 from	0.99
24.600	25.800	 Mexico.	0.72
25.860	27.960	 As	0.84
27.960	28.260	 a	0.99
28.260	28.440	 young	0.98
28.440	29.640	 girl,	0.43
29.640	30.780	 Judy	0.16
30.780	31.080	 lived	0.97
31.080	31.740	 with	0.95
31.740	32.160	 her	1.00
32.160	33.420	 mother,	0.63
33.420	33.540	 2	0.53
33.540	34.200	 aunt,	0.49
34.200	34.440	 and	0.94
34.440	34.800	 a	0.72
34.800	35.820	 grandmother.	0.97
35.880	38.460	 When	0.94
38.460	38.940	 Judy	0.80
38.940	39.360	 was	0.98
39.360	39.780	 6	0.96
39.780	40.440	 years	0.95
40.440	41.040	 old,	0.68
41.040	42.360	 she	0.40
42.360	42.720	 moved	1.00
42.720	43.320	 to	0.98
43.320	43.620	 a	1.00
43.620	43.980	 new	0.99
43.980	45.120	 neighborhood	0.99
45.120	45.540	 in	0.99
45.540	46.140	 Los	0.99
46.140	46.620	 Angeles.	0.80
46.680	48.240	 Judy	0.91
48.240	48.600	 had	0.86
48.600	49.200	 always	0.95
49.200	49.980	 talked	0.26
49.980	50.220	 in	1.00
50.220	50.700	 Spanish.	0.95
50.760	53.040	 As	0.41
53.040	53.400	 the	0.99
53.400	53.820	 new	0.98
53.820	54.240	 school,	0.61
54.240	54.420	 she	0.94
54.420	55.020	 uh.	0.41
55.080	56.760	 She	0.62
56.760	58.140	 wasn't	0.95
58.140	58.980	 allowed	0.97
58.980	59.400	 to	0.99
59.400	59.940	 talk	0.98
59.940	60.660	 in	0.93
60.660	61.560	 Spanish.	0.94
61.620	63.840	 Duty	0.39
63.840	64.200	 had	0.98
64.200	64.680	 few	0.83
64.680	65.580	 Mexi.	0.40
65.640	66.540	 She	0.08
66.540	66.960	 can	0.08
66.960	67.680	 American	0.82
67.680	69.480	 classmate	0.83
69.480	69.960	 at	0.74
69.960	70.320	 1st	0.74
70.320	70.920	 it	0.75
70.920	71.160	 was	1.00
71.160	71.580	 difficult	1.00
71.580	72.120	 to	0.86
72.120	73.380	 duty	0.64
73.380	73.680	 to	0.99
73.680	74.280	 pronounce	0.99
74.280	75.360	 and	0.94
75.360	76.020	 understand	1.00
76.020	76.920	 English	0.99
76.920	77.640	 words.	0.85
77.700	78.420	 Her	0.68
78.420	78.720	 teacher	1.00
78.720	79.260	 liked	0.12
79.260	80.700	 Judy,	0.73
80.700	81.000	 draw,	0.48
81.000	81.060	 and	0.99
81.060	81.480	 paint.	0.79
81.540	82.620	 When	0.54
82.620	83.160	 she,	0.49
83.160	84.720	 Couldn't	0.70
84.720	85.200	 understand	1.00
85.200	85.740	 the	0.96
85.740	86.160	 class.	0.79
86.220	87.540	 Judy	0.92
87.540	87.840	 began	0.94
87.840	88.080	 to	0.99
88.080	88.440	 love	0.98
88.440	88.920	 painting	0.99
88.920	89.940	 later.	0.83
90.000	92.340	 She	0.89
92.340	93.180	 be.	0.30
93.240	94.860	 Later,	0.68
94.860	95.040	 she	0.97
95.040	95.760	 studied	0.81
95.760	97.320	 mother	0.78
97.320	97.980	 art	0.98
97.980	98.340	 in	0.88
98.340	100.620	 college.	0.54
100.680	103.740	 After	0.93
103.740	104.520	 college,	0.78
104.520	105.420	 Judy	0.61
105.420	105.780	 worked	0.96
105.780	106.080	 for	0.99
106.080	106.560	 the,	0.54
106.560	110.220	 The	0.92
110.220	110.580	 city	0.94
110.580	111.420	 of	0.97
111.420	111.840	 Los	0.99
111.840	112.620	 Angeles.	0.63
112.680	113.580	 She	0.37
113.580	113.940	 worked	0.18
113.940	115.200	 in	0.64
115.200	115.560	 a	0.67
115.560	117.000	 neighborhood	0.93
117.000	117.540	 called	0.96
117.540	119.220	 boil,	0.30
119.220	120.120	 boil	0.29
120.120	120.720	 height.	0.64
120.840	122.940	 She	0.60
122.940	125.160	 thought	0.33
125.160	126.000	 art	0.93
126.000	126.480	 class	0.90
126.480	126.960	 is	0.92
126.960	128.160	 in	0.80
128.160	128.400	 the	0.95
128.400	129.720	 part.	0.42
129.840	131.160	 Parks.	0.61
131.220	132.960	 Group	0.63
132.960	133.200	 of	0.99
133.200	134.100	 teenagers	0.90
134.100	136.380	 hung	0.84
136.380	136.740	 out	0.91
136.740	137.700	 in	0.90
137.700	137.940	 the	0.99
137.940	138.360	 park.	0.77
138.480	140.700	 The	0.94
140.700	141.000	 group	0.99
141.000	141.480	 did	0.96
141.480	141.780	 not	0.99
141.780	142.200	 get	0.95
142.200	142.620	 along.	0.76
142.680	143.700	 Judy	0.95
143.700	144.240	 asked	0.98
144.240	145.020	 the	0.92
145.020	145.680	 teenager	0.75
145.680	146.160	 to	0.98
146.160	146.580	 help.	0.55
146.760	147.780	 Her	0.58
147.780	148.200	 paint	0.96
148.200	148.620	 the	0.92
148.620	149.040	 mirror.	0.78
149.100	150.360	 She	0.81
150.360	151.620	 wanted	0.68
151.620	152.640	 the	0.92
152.640	153.960	 teenager	0.98
153.960	154.320	 to	1.00
154.320	154.440	 get	0.99
154.440	154.860	 along.	0.96
154.920	158.760	 When	0.98
158.760	159.000	 the	0.99
159.000	159.420	 mirror	0.96
159.420	159.660	 was	0.99
159.660	160.500	 finished,	0.61
160.500	160.800	 people	0.79
160.800	161.400	 in	0.99
161.400	161.820	 the	0.99
161.820	162.480	 community	0.99
162.480	164.760	 loved	0.92
164.760	165.300	 it.	0.87
165.360	166.140	 The	0.74
166.140	166.620	 mirror	0.52
166.620	166.920	 was	0.98
166.920	167.220	 called	0.98
167.220	167.940	 me	0.94
167.940	169.020	 up	0.89
169.020	169.680	 late.	0.53
169.740	171.600	 It	0.50
171.600	172.380	 showed	0.65
172.380	174.000	 um,	0.41
174.000	174.960	 Mexican	0.96
174.960	178.020	 grandmother.	0.69
178.080	178.320	 She	0.10
178.320	179.160	 looked	0.97
179.160	179.820	 as	0.97
179.820	180.540	 if	0.98
180.540	180.960	 she	0.93
180.960	181.320	 was	0.99
181.320	182.640	 getting	0.92
182.640	183.060	 a	1.00
183.060	183.600	 hug.	0.86
183.660	186.660	 Manny	0.42
186.660	187.260	 Maxi	0.45
187.260	188.280	 can,	0.33
188.280	189.060	 American	0.75
189.060	189.720	 lived	0.95
189.720	190.980	 in,	0.36
190.980	192.120	 boiled	0.40
192.120	192.540	 hot.	0.45
192.660	193.740	 The	0.34
193.740	195.900	 mural,	0.34
195.900	196.440	 have,	0.13
196.440	198.000	 have,	0.13
198.000	198.900	 to	0.65
198.900	199.200	 the	0.99
199.200	201.060	 people's,	0.55
201.060	203.580	 Mexican,	0.40
203.580	204.360	 her,	0.31
204.360	206.820	 heart,	0.37
206.820	207.420	 or	0.89
207.420	208.200	 traditions.	0.80
208.260	209.280	 The	0.47
209.280	209.880	 mural	0.72
209.880	210.240	 become	0.97
210.240	210.900	 a	0.91
210.900	211.500	 symbol	0.94
211.500	212.100	 of	0.87
212.100	215.280	 unnatty.	0.55
215.340	218.280	 After	0.82
218.280	219.300	 the,	0.49
219.300	220.860	 Stuckus	0.32
220.860	221.220	 of	0.98
221.220	222.600	 me,	0.43
222.600	223.920	 up,	0.23
223.920	224.700	 build	0.35
224.700	226.200	 later,	0.39
226.200	227.160	 Judy	0.94
227.160	227.700	 started	0.95
227.700	228.420	 the	0.98
228.420	229.320	 city,	0.52
229.320	230.760	 where,	0.08
230.760	232.980	 photo,	0.32
232.980	235.740	 photograph,	0.45
235.740	236.280	 she,	0.45
236.280	237.660	 hard,	0.25
237.660	238.380	 many	0.89
238.380	238.800	 young	0.99
238.800	239.100	 people	1.00
239.100	239.520	 to	0.99
239.520	240.060	 paint	0.98
240.060	241.200	 murals.	0.48
241.260	242.160	 They	0.55
242.160	242.580	 create	0.88
242.580	243.120	 about	0.98
243.120	244.080	 500	0.95
244.080	245.820	 mirror	0.59
245.820	246.000	 in	0.99
246.000	246.420	 Los	1.00
246.420	247.020	 Angeles	0.99
247.020	247.800	 in	0.97
247.800	248.820	 19,	0.45
248.820	252.480	 9876,	0.48
252.480	253.740	 Judy	0.91
253.740	254.220	 helped	0.94
254.220	254.760	 start	0.94
254.760	255.120	 a	0.99
255.120	255.300	 new	0.99
255.300	255.660	 group	0.99
255.660	256.260	 called	0.92
256.260	256.800	 the	0.85
256.800	257.400	 so	0.47
257.400	258.600	 called	0.43
258.600	259.260	 the,	0.17
259.260	260.100	 and	0.50
260.100	260.940	 pap,	0.11
260.940	262.140	 Blake,	0.10
262.140	263.700	 Archery	0.29
263.700	264.600	 source,	0.46
264.600	265.740	 send,	0.15
266.760	267.780	 Center,	0.20
267.780	270.900	 or...	0.48
271.020	273.240	 S	0.62
273.240	273.720	 P	0.45
273.720	274.080	 A	0.53
274.080	274.380	 R	0.55
274.380	274.980	 say.	0.36
275.040	275.400	 This	0.46
275.400	275.940	 group	0.82
275.940	277.200	 may,	0.46
277.200	278.700	 This	0.69
278.700	279.060	 group	0.99
279.060	279.660	 makes	0.98
279.660	280.560	 art	0.99
280.560	280.980	 for	1.00
280.980	281.220	 people	1.00
281.220	282.120	 for	0.99
282.120	282.960	 many	0.98
282.960	283.560	 different	0.96
283.560	284.580	 cultures.	0.96
284.700	288.360	 Mural	0.57
288.360	288.660	 of	0.98
288.660	289.560	 Mexico.	0.78
289.620	291.300	 Mirals	0.67
291.300	291.900	 have	0.99
291.900	292.380	 been,	0.50
292.380	293.100	 uh,	0.27
293.100	294.300	 art	0.74
294.300	294.960	 formed,	0.34
294.960	296.160	 in	0.61
296.160	297.240	 Mexico.	0.70
297.300	299.820	 For	0.85
299.820	300.120	 a	0.99
300.120	300.360	 long	1.00
300.360	300.960	 time,	0.58
300.960	301.740	 the...	0.19
301.740	306.000	 The...	0.32
306.120	309.660	 Maya,	0.12
309.660	310.500	 paint,	0.27
310.500	311.580	 pictures	0.66
311.580	312.300	 on	0.98
312.300	313.020	 temple	0.85
313.020	313.620	 walls,	0.63
313.620	315.060	 in	0.41
315.060	315.600	 the	0.99
315.600	316.800	 19,	0.38
316.800	321.480	 1900s,	0.52
321.480	321.840	 art	0.77
321.840	322.800	 taste,	0.32
322.800	323.160	 and	0.24
323.160	324.360	 dry,	0.37
324.360	327.300	 gold,	0.31
327.300	328.860	 river,	0.43
328.860	330.480	 just,	0.28
330.480	331.800	 or,	0.11
331.800	332.880	 arts,	0.31
332.880	333.000	 the	0.25
333.000	334.200	 call,	0.16
334.200	334.260	 and	0.85
334.260	336.540	 David,	0.06
336.840	338.700	 Quarrels	0.52
338.700	339.540	 were	0.86
339.540	340.500	 famous.	0.61
340.560	341.820	 They,	0.21
341.820	342.000	 they	0.70
342.000	342.300	 were	0.98
342.300	342.900	 called,	0.47
342.900	344.280	 uh,	0.12
344.280	345.720	 those	0.70
345.720	346.740	 trees,	0.59
346.740	349.860	 grand.	0.40
349.920	350.760	 They	0.40
350.760	352.200	 painted	0.49
352.200	353.220	 murals	0.71
353.220	353.760	 to	0.99
353.760	354.120	 show	0.99
354.120	354.960	 everybody.	0.74
355.020	358.140	 Every	0.98
358.140	358.740	 day,	0.47
358.740	358.920	 people	0.99
358.920	359.400	 in	0.99
359.400	360.240	 Mexico.	0.61
360.300	361.500	 Judy	0.76
361.500	362.520	 Baka,	0.18
362.520	363.180	 uh,	0.10
363.180	364.140	 mad,	0.11
364.140	364.500	 their	0.66
364.500	365.040	 work.	0.70
